{"cameraMode":{"drawMode":0,"name":"Shaded","section":"Shading Mode"},"sceneLighting":true,"audioPlay":false,"sceneViewState":{"showFog":false,"showMaterialUpdate":false,"showSkybox":false,"showFlares":false,"showImageEffects":false,"showParticleSystems":false},"in2DMode":false,"pivot":{"x":0.5742344856262207,"y":-0.6479623317718506,"z":-28.833782196044923},"rotation":{"x":-0.3397073447704315,"y":-0.660053014755249,"z":0.4846092760562897,"w":-0.46269491314888},"size":25.445438385009767,"orthographic":false}